jm0xDXPJURc	photo-1702830499141-a0634d87d6af	David Kuvaev
i4WbkwwvRj4	photo-1666532937489-331f2f8f4668	Evan Wise
8tOPzx3k62g	photo-1663756915304-40b7eda63e41	Bozica Uglesic
ZGMeWNJJlAs	photo-1689717887631-088197cdc2ca	imren tutuncu
DcVOmeH9DMQ	photo-1740103874612-fba347aa1e98	Khanh Nguyen
YR9CSC9K9Wc	photo-1777017246552-8b0e36b92d52	Arthur Charles Pratt
W2sIDTb3AeI	photo-1759722668087-efcc63c91ed2	Costa Live
2cfj0Y5ch00	photo-1772797583328-f83bc3f94f80	Puscas Adryan
Y7zup896jrI	photo-1788927775194-70e9b280dd79	Vincent Yap
dWH92v9E6j4	photo-1765766601592-ac2936aa87e0	Marina Nazina
x5Mfl5Vtn4c	photo-1781249144049-dc1f8a2f5292	Irena Oze
KJ3BwWPA3mI	photo-1762461838534-ca26dfa134a8	Georgi Kalaydzhiev
keYaaAL4aho	photo-1771287490603-fbf9b6211cc3	Franco Debartolo
0jzjEHbZQ4I	photo-1737305457462-57fcd66ccee4	Prydumano Design
x1b1SuGLH3Y	photo-1692556215018-78caef2fb48f	Sergey Beschastnykh
ag7FMjaVxC8	photo-1765371514650-1f99696ca69f	Caroline Badran
Q1750priSUc	photo-1781249144386-e098de7ba7c2	Irena Oze
6mCGcFLoLgA	photo-1781249144042-51317f990ed6	Irena Oze
EOnPMAAqZ8o	photo-1758974835125-83ba4f9d7e25	Aleksandra Dementeva
yJ24C63MNhE	photo-1765274966838-db0cf0a12ef1	Aleksandra Dementeva
Rjnzt2wvMQE	photo-1770757587087-766db2874c21	Alexander Mass
fWjIQs8sHPA	photo-1600494448655-ae58f58bb945	Collov Home Design
17YnTgHkSEE	photo-1720430498633-a8908d8706d1	Alex Tyson
ABohRftG_Os	photo-1585128792103-0b591f96512e	Julia
VICv-D8viro	photo-1774428559037-545b37f3cf9e	Aleksandra Dementeva
CMHgRFDANH8	photo-1765547090903-348b711f0eee	Marcel Strauß
9Cmony35LOE	photo-1699942681763-d1da9f692489	Zulian Firmansyah
gooFl1sx3ow	photo-1775241186452-c3d99b09f223	Aleksandra Dementeva
L-ZvTSkHL5E	photo-1643376452350-97eadd2c417f	Thái An
